{
  "PUT Activity" : {
    "transaction" : "PUT Activity",
    "sampleCount" : 132,
    "errorCount" : 0,
    "errorPct" : 0.0,
    "meanResTime" : 44.719696969696976,
    "medianResTime" : 43.0,
    "minResTime" : 39.0,
    "maxResTime" : 86.0,
    "pct1ResTime" : 52.0,
    "pct2ResTime" : 56.349999999999994,
    "pct3ResTime" : 85.33999999999997,
    "throughput" : 4.4779157337675555,
    "receivedKBytesPerSec" : 1.1986229667039825,
    "sentKBytesPerSec" : 1.4439396541488567
  },
  "GET All Activities" : {
    "transaction" : "GET All Activities",
    "sampleCount" : 132,
    "errorCount" : 0,
    "errorPct" : 0.0,
    "meanResTime" : 47.25757575757573,
    "medianResTime" : 43.0,
    "minResTime" : 40.0,
    "maxResTime" : 407.0,
    "pct1ResTime" : 48.0,
    "pct2ResTime" : 54.69999999999999,
    "pct3ResTime" : 298.7599999999959,
    "throughput" : 4.433249370277078,
    "receivedKBytesPerSec" : 13.190235358942067,
    "sentKBytesPerSec" : 0.8918450881612091
  },
  "DELETE Activity" : {
    "transaction" : "DELETE Activity",
    "sampleCount" : 131,
    "errorCount" : 0,
    "errorPct" : 0.0,
    "meanResTime" : 43.31297709923665,
    "medianResTime" : 42.0,
    "minResTime" : 38.0,
    "maxResTime" : 87.0,
    "pct1ResTime" : 47.0,
    "pct2ResTime" : 56.39999999999999,
    "pct3ResTime" : 81.56000000000012,
    "throughput" : 4.488145813347951,
    "receivedKBytesPerSec" : 0.5303375423975607,
    "sentKBytesPerSec" : 1.0085145757674387
  },
  "Total" : {
    "transaction" : "Total",
    "sampleCount" : 659,
    "errorCount" : 0,
    "errorPct" : 0.0,
    "meanResTime" : 44.65857359635812,
    "medianResTime" : 42.0,
    "minResTime" : 38.0,
    "maxResTime" : 407.0,
    "pct1ResTime" : 49.0,
    "pct2ResTime" : 55.0,
    "pct3ResTime" : 77.79999999999995,
    "throughput" : 21.985720958163743,
    "receivedKBytesPerSec" : 17.213518643240807,
    "sentKBytesPerSec" : 5.598308898962434
  },
  "POST Activity" : {
    "transaction" : "POST Activity",
    "sampleCount" : 132,
    "errorCount" : 0,
    "errorPct" : 0.0,
    "meanResTime" : 44.151515151515135,
    "medianResTime" : 42.0,
    "minResTime" : 39.0,
    "maxResTime" : 75.0,
    "pct1ResTime" : 48.7,
    "pct2ResTime" : 58.349999999999994,
    "pct3ResTime" : 73.67999999999995,
    "throughput" : 4.483391073975953,
    "receivedKBytesPerSec" : 1.2000885745703416,
    "sentKBytesPerSec" : 1.440895712332722
  },
  "GET Activity" : {
    "transaction" : "GET Activity",
    "sampleCount" : 132,
    "errorCount" : 0,
    "errorPct" : 0.0,
    "meanResTime" : 43.84090909090909,
    "medianResTime" : 42.0,
    "minResTime" : 39.0,
    "maxResTime" : 81.0,
    "pct1ResTime" : 49.0,
    "pct2ResTime" : 53.69999999999999,
    "pct3ResTime" : 79.67999999999995,
    "throughput" : 4.484304932735426,
    "receivedKBytesPerSec" : 1.2594524455598586,
    "sentKBytesPerSec" : 0.9113057247078408
  }
}