{
  "PUT Activity" : {
    "transaction" : "PUT Activity",
    "sampleCount" : 825,
    "errorCount" : 0,
    "errorPct" : 0.0,
    "meanResTime" : 57.38424242424243,
    "medianResTime" : 49.0,
    "minResTime" : 37.0,
    "maxResTime" : 160.0,
    "pct1ResTime" : 92.0,
    "pct2ResTime" : 103.0,
    "pct3ResTime" : 135.18000000000006,
    "throughput" : 50.66322770817981,
    "receivedKBytesPerSec" : 13.56128907209531,
    "sentKBytesPerSec" : 16.3368519328789
  },
  "GET All Activities" : {
    "transaction" : "GET All Activities",
    "sampleCount" : 835,
    "errorCount" : 0,
    "errorPct" : 0.0,
    "meanResTime" : 64.7437125748502,
    "medianResTime" : 50.0,
    "minResTime" : 38.0,
    "maxResTime" : 474.0,
    "pct1ResTime" : 98.39999999999998,
    "pct2ResTime" : 113.19999999999993,
    "pct3ResTime" : 412.8399999999999,
    "throughput" : 50.01797052833353,
    "receivedKBytesPerSec" : 148.81165201569428,
    "sentKBytesPerSec" : 10.062208914879598
  },
  "DELETE Activity" : {
    "transaction" : "DELETE Activity",
    "sampleCount" : 822,
    "errorCount" : 0,
    "errorPct" : 0.0,
    "meanResTime" : 56.07542579075426,
    "medianResTime" : 48.0,
    "minResTime" : 37.0,
    "maxResTime" : 140.0,
    "pct1ResTime" : 94.0,
    "pct2ResTime" : 104.0,
    "pct3ResTime" : 120.76999999999998,
    "throughput" : 50.803461063040785,
    "receivedKBytesPerSec" : 6.003143348269469,
    "sentKBytesPerSec" : 11.415882841470951
  },
  "Total" : {
    "transaction" : "Total",
    "sampleCount" : 4140,
    "errorCount" : 0,
    "errorPct" : 0.0,
    "meanResTime" : 58.09782608695651,
    "medianResTime" : 48.0,
    "minResTime" : 37.0,
    "maxResTime" : 474.0,
    "pct1ResTime" : 94.0,
    "pct2ResTime" : 104.0,
    "pct3ResTime" : 129.59000000000015,
    "throughput" : 247.48923959827835,
    "receivedKBytesPerSec" : 194.70028031220107,
    "sentKBytesPerSec" : 62.992251016260155
  },
  "POST Activity" : {
    "transaction" : "POST Activity",
    "sampleCount" : 830,
    "errorCount" : 0,
    "errorPct" : 0.0,
    "meanResTime" : 56.34939759036145,
    "medianResTime" : 47.0,
    "minResTime" : 37.0,
    "maxResTime" : 434.0,
    "pct1ResTime" : 92.0,
    "pct2ResTime" : 102.0,
    "pct3ResTime" : 124.68999999999994,
    "throughput" : 50.38853812530355,
    "receivedKBytesPerSec" : 13.487732022523069,
    "sentKBytesPerSec" : 16.194147644487614
  },
  "GET Activity" : {
    "transaction" : "GET Activity",
    "sampleCount" : 828,
    "errorCount" : 0,
    "errorPct" : 0.0,
    "meanResTime" : 55.86714975845414,
    "medianResTime" : 47.0,
    "minResTime" : 37.0,
    "maxResTime" : 447.0,
    "pct1ResTime" : 90.10000000000002,
    "pct2ResTime" : 104.0,
    "pct3ResTime" : 117.71000000000004,
    "throughput" : 50.57415098949426,
    "receivedKBytesPerSec" : 14.204236367731493,
    "sentKBytesPerSec" : 10.277765583007573
  }
}